UID;WBS;Nome;Riepilogo;Milestone;Inizio;Fine;Durata;Costo;Predecessori;Nomi risorse;% completamento;Inizio effettivo;Fine effettiva
1;1;Fase 1 - Progettazione;sì;no;05/01/2026;16/01/2026;10 g;;;;40;;
2;1.1;Rilievo del sito;no;no;05/01/2026;07/01/2026;3 g;1500,00;;Ingegnere[100%];100;05/01/2026;07/01/2026
3;1.2;Progetto esecutivo;no;no;08/01/2026;16/01/2026;7 g;4200,00;2;Ingegnere[100%];40;08/01/2026;
4;1.3;Approvazione progetto;no;sì;16/01/2026;16/01/2026;0 g;;3;;0;;
5;2;Fase 2 - Costruzione;sì;no;19/01/2026;27/02/2026;30 g;;;;10;;
6;2.1;Scavi;no;no;19/01/2026;23/01/2026;5 g;6000,00;4;Operaio[200%];100;19/01/2026;23/01/2026
7;2.2;Fondazioni;no;no;26/01/2026;06/02/2026;10 g;9000,00;6;Operaio[200%];30;26/01/2026;
8;2.3;Strutture;no;no;09/02/2026;27/02/2026;15 g;;7;Operaio[200%];0;;
9;2.4;Impianti;no;no;09/02/2026;20/02/2026;10 g;;7;Elettricista[100%];0;;
10;3;Fase 3 - Collaudo;sì;no;23/02/2026;02/03/2026;6 g;;;;0;;
11;3.1;Collaudo strutturale;no;no;23/02/2026;27/02/2026;5 g;;8,9;Ingegnere[50%];0;;
12;3.2;Consegna;no;sì;02/03/2026;02/03/2026;0 g;;11;;0;;
